"","x"
"1","acepack"
"2","ade4"
"3","adegenet"
"4","affy"
"5","affyio"
"6","airway"
"7","animation"
"8","annotate"
"9","AnnotationDbi"
"10","AnnotationHub"
"11","ape"
"12","assertthat"
"13","backports"
"14","base"
"15","base64"
"16","base64enc"
"17","BH"
"18","bindr"
"19","bindrcpp"
"20","Biobase"
"21","BiocGenerics"
"22","BiocInstaller"
"23","BiocParallel"
"24","BiocStyle"
"25","biomaRt"
"26","Biostrings"
"27","biovizBase"
"28","bitops"
"29","boot"
"30","brew"
"31","BSgenome"
"32","callr"
"33","car"
"34","carData"
"35","CARS"
"36","caTools"
"37","cellranger"
"38","checkmate"
"39","class"
"40","classInt"
"41","cli"
"42","clipr"
"43","cluster"
"44","coda"
"45","codetools"
"46","colorspace"
"47","compiler"
"48","covr"
"49","cowplot"
"50","crayon"
"51","crosstalk"
"52","cubature"
"53","curl"
"54","data.table"
"55","datasets"
"56","DBI"
"57","Deducer"
"58","DeducerText"
"59","deldir"
"60","DEoptimR"
"61","DESeq2"
"62","deSolve"
"63","devtools"
"64","DiceKriging"
"65","dichromat"
"66","digest"
"67","directlabels"
"68","dismo"
"69","doParallel"
"70","dplyr"
"71","DT"
"72","dynamicTreeCut"
"73","e1071"
"74","EcoSimR"
"75","effects"
"76","ensembldb"
"77","EpiModel"
"78","ergm"
"79","estimability"
"80","evaluate"
"81","expm"
"82","expss"
"83","fansi"
"84","fastcluster"
"85","fields"
"86","fission"
"87","FNN"
"88","forcats"
"89","foreach"
"90","foreign"
"91","formatR"
"92","Formula"
"93","futile.logger"
"94","futile.options"
"95","gdalUtils"
"96","gdata"
"97","gdsfmt"
"98","genefilter"
"99","geneplotter"
"100","GenKern"
"101","GenomeInfoDb"
"102","GenomicAlignments"
"103","GenomicFeatures"
"104","GenomicRanges"
"105","geojson"
"106","geojsonlint"
"107","geoR"
"108","geosphere"
"109","ggfortify"
"110","ggmap"
"111","ggplot2"
"112","ghit"
"113","gistr"
"114","git2r"
"115","glue"
"116","gmodels"
"117","GO.db"
"118","graphics"
"119","grDevices"
"120","grid"
"121","gridBase"
"122","gridExtra"
"123","gstat"
"124","gtable"
"125","gtools"
"126","Gviz"
"127","haven"
"128","hexbin"
"129","highr"
"130","Hmisc"
"131","hms"
"132","htmlTable"
"133","htmltools"
"134","htmlwidgets"
"135","httpuv"
"136","httr"
"137","igraph"
"138","impute"
"139","interactiveDisplayBase"
"140","intervals"
"141","IRanges"
"142","irlba"
"143","iterators"
"144","JavaGD"
"145","JGR"
"146","jpeg"
"147","jqr"
"148","jsonlite"
"149","jsonvalidate"
"150","kableExtra"
"151","KernSmooth"
"152","knitr"
"153","labeling"
"154","lambda.r"
"155","later"
"156","lattice"
"157","latticeExtra"
"158","lazyeval"
"159","leaflet"
"160","LearnBayes"
"161","lemon"
"162","limma"
"163","lme4"
"164","lmtest"
"165","locfit"
"166","lpSolve"
"167","lubridate"
"168","magrittr"
"169","manipulate"
"170","mapproj"
"171","maps"
"172","maptools"
"173","mapview"
"174","markdown"
"175","MASS"
"176","Matrix"
"177","MatrixModels"
"178","matrixStats"
"179","memoise"
"180","memuse"
"181","methods"
"182","mgcv"
"183","mime"
"184","minqa"
"185","multcomp"
"186","MuMIn"
"187","munsell"
"188","mvtnorm"
"189","ncf"
"190","ndtv"
"191","network"
"192","networkDynamic"
"193","nlme"
"194","nloptr"
"195","NLP"
"196","NMF"
"197","nnet"
"198","np"
"199","openssl"
"200","org.Hs.eg.db"
"201","osmar"
"202","packrat"
"203","parallel"
"204","pbkrtest"
"205","permute"
"206","pheatmap"
"207","pillar"
"208","pinfsc50"
"209","pkgconfig"
"210","pkgmaker"
"211","PKI"
"212","plogr"
"213","plotly"
"214","plyr"
"215","png"
"216","PoiClaClu"
"217","popbio"
"218","praise"
"219","preprocessCore"
"220","prettydoc"
"221","prevR"
"222","pROC"
"223","processx"
"224","promises"
"225","proto"
"226","purrr"
"227","quadprog"
"228","quantreg"
"229","R.methodsS3"
"230","R.oo"
"231","R.utils"
"232","R6"
"233","RandomFields"
"234","RandomFieldsUtils"
"235","randomForest"
"236","raster"
"237","RColorBrewer"
"238","Rcpp"
"239","RcppArmadillo"
"240","RcppEigen"
"241","RCurl"
"242","readr"
"243","readxl"
"244","registry"
"245","rematch"
"246","reprex"
"247","reshape2"
"248","rex"
"249","rgdal"
"250","rgeos"
"251","RgoogleMaps"
"252","rJava"
"253","rjson"
"254","RJSONIO"
"255","rlang"
"256","rmapshaper"
"257","rmarkdown"
"258","rnaseqGene"
"259","RNASeqPower"
"260","rngtools"
"261","robustbase"
"262","rpart"
"263","rprojroot"
"264","Rsamtools"
"265","rsconnect"
"266","RSQLite"
"267","rstudio"
"268","rstudioapi"
"269","rtracklayer"
"270","rvest"
"271","rworldmap"
"272","S4Vectors"
"273","sandwich"
"274","satellite"
"275","scales"
"276","scatterplot3d"
"277","segmented"
"278","selectr"
"279","seqinr"
"280","sf"
"281","shiny"
"282","shinythemes"
"283","sna"
"284","snow"
"285","SnowballC"
"286","SNPRelate"
"287","sourcetools"
"288","sp"
"289","spacetime"
"290","spam"
"291","SparseM"
"292","spatial"
"293","spdep"
"294","splancs"
"295","splines"
"296","statnet.common"
"297","stats"
"298","stats4"
"299","stringi"
"300","stringr"
"301","SummarizedExperiment"
"302","survey"
"303","survival"
"304","sva"
"305","tcltk"
"306","tergm"
"307","testthat"
"308","TH.data"
"309","tibble"
"310","tidyr"
"311","tidyselect"
"312","tinytex"
"313","tm"
"314","tmap"
"315","tmaptools"
"316","tools"
"317","trust"
"318","udunits2"
"319","units"
"320","usmap"
"321","utf8"
"322","utils"
"323","V8"
"324","VariantAnnotation"
"325","vcfR"
"326","vegan"
"327","viridis"
"328","viridisLite"
"329","vsn"
"330","webshot"
"331","wesanderson"
"332","WGCNA"
"333","whisker"
"334","withr"
"335","wordcloud"
"336","XML"
"337","xml2"
"338","xtable"
"339","xts"
"340","XVector"
"341","yaml"
"342","zipcode"
"343","zlibbioc"
"344","zoo"
